{
    "epoch": 35,
    "batchSize": 50,
    "learningRate": 0.0001,
    "mean": [
        233.89406,
        223.98854,
        233.20714
    ],
    "std": [
        40.6225,
        53.69572,
        40.3735
    ],
    "maxValidAcc": 95.3741591792014,
    "minValidLoss": 1.8414851169694562,
    "statisticsFormat": "epoch, learningRate, batchSize, trainLoss, trainAcc (%), validLoss, validAcc (%), epochProcessTime",
    "statistics": [
        "1, 0.001, 50, 324.2482593393367, 64.45287663171617, 20.5474531433799, 67.39926768749613, 0:45:03.108459",
        "2, 0.001, 50, 17.796872852591044, 67.3503242572372, 15.253499717423404, 67.32171384774375, 0:44:13.245193",
        "3, 0.001, 50, 14.737147296213799, 67.18389524421094, 13.614168203238286, 67.28011727985785, 0:44:44.900990",
        "4, 0.001, 50, 13.247083965292774, 67.4583664125079, 12.039611130049737, 67.63934001096625, 0:44:32.977356",
        "5, 0.001, 50, 11.792866366458636, 68.64722487479125, 9.912359324368564, 68.88353210115028, 0:44:31.470908",
        "6, 0.0001, 50, 7.933938740407041, 72.59958046376052, 7.433806874535302, 75.14560910230134, 0:44:39.193657",
        "7, 0.0001, 50, 5.598722205421081, 76.40900007490082, 6.896534148490788, 78.24519095223835, 0:45:20.976456",
        "8, 0.0001, 50, 4.368644601439553, 79.78341187756652, 5.746612326665359, 80.806047165198, 0:44:57.220573",
        "9, 0.0001, 50, 3.54808834480163, 82.48523205966104, 5.098138491312662, 83.52726482051476, 0:45:12.474085",
        "10, 0.0001, 50, 3.0565997261807616, 84.53494908328199, 4.711727863008326, 83.05694048413, 0:45:42.297351",
        "11, 0.0001, 50, 2.6621157733556737, 86.32827419175399, 4.456134527018576, 86.22334231067617, 0:45:12.072165",
        "12, 0.0001, 50, 2.3571273872846903, 87.72016668122393, 3.2996747042193553, 87.77180787044242, 0:45:50.768731",
        "13, 0.0001, 50, 2.0660952512052266, 88.81473433864744, 3.615437311656548, 88.5529655126151, 0:46:15.389362",
        "14, 0.0001, 50, 1.8432989023802564, 89.7424357767926, 3.5940448948831287, 89.69757216792013, 0:45:30.606665",
        "15, 0.0001, 50, 1.5870368597885078, 90.62702714143225, 2.8485762142773825, 88.60732477775788, 0:45:11.788710",
        "16, 0.0001, 50, 1.4246605303603102, 91.23058155872812, 3.179001313267332, 90.96124446825226, 0:43:58.692829",
        "17, 0.0001, 50, 1.2932332515625347, 91.67290747891077, 2.451846712917992, 91.66472948149348, 0:44:02.028669",
        "18, 0.0001, 50, 1.1698834436853704, 92.01748638975948, 3.1365855516809416, 90.565248435264, 0:49:24.560047",
        "19, 0.0001, 50, 1.0529027609489503, 92.31630499966826, 3.6756582503969017, 90.2740220278279, 0:47:35.331747",
        "20, 0.0001, 50, 1.165539183275519, 92.2248726868567, 2.4617618123690295, 92.17964958468147, 0:46:39.178211",
        "21, 0.0001, 50, 0.8867426362763683, 92.84930254379874, 3.066378692334349, 91.69268747180656, 0:46:43.327628",
        "22, 0.0001, 50, 0.868193379160823, 92.89788989428959, 2.926343912428076, 91.80208106489545, 0:46:49.229988",
        "23, 0.0001, 50, 0.8346045499506486, 93.11993806285422, 3.448497722546259, 93.5837076053268, 0:47:04.874568",
        "24, 0.0001, 50, 0.8727378601916603, 93.1821575506398, 2.764293575377175, 93.28267121682892, 0:46:59.720390",
        "25, 0.0001, 50, 0.7343418853786399, 93.3957449121099, 2.60247240870288, 93.05155061500588, 0:46:28.488459",
        "26, 0.0001, 50, 0.7135363189245605, 93.51673112937794, 2.2409210749196284, 93.17802676043736, 0:46:36.635442",
        "27, 0.0001, 50, 0.6303302300231741, 93.7333471871437, 2.359067190099846, 93.74552337965487, 0:46:47.066651",
        "28, 0.0001, 50, 0.6895364504236263, 93.67755075203374, 2.550719199532811, 93.83792556299385, 0:47:08.358992",
        "29, 0.0001, 50, 0.9750424453841888, 94.80462482848428, 2.3448047145749586, 94.43016648470554, 0:48:54.428722",
        "30, 0.0001, 50, 0.6723991648423013, 95.11169036940986, 2.555150652022072, 94.83681283346036, 0:47:37.376780",
        "31, 0.0001, 50, 0.6265717103860721, 95.3739945110122, 1.8301004514549717, 94.88133264810311, 0:46:21.776807",
        "32, 0.0001, 50, 0.6236971933465929, 95.37463821304648, 2.5713697527394146, 95.15655077055591, 0:46:59.351933",
        "33, 0.0001, 50, 0.6384816687346053, 95.41826929880102, 2.5594072084535253, 95.07883348175403, 0:46:29.871209",
        "34, 0.0001, 50, 0.5498833969839672, 95.61853803304034, 1.823534247550097, 94.91346223488439, 0:47:08.397614",
        "35, 0.0001, 50, 0.5634173250827718, 95.6159646277699, 1.8414851169694562, 95.3741591792014, 0:47:22.911482"
    ]
}